{"cameraMode":{"drawMode":0,"name":"Shaded","section":"Shading Mode"},"sceneLighting":false,"audioPlay":false,"sceneViewState":{"showFog":true,"showMaterialUpdate":false,"showSkybox":true,"showFlares":true,"showImageEffects":true,"showParticleSystems":true},"in2DMode":false,"pivot":{"x":451.5406799316406,"y":191.61358642578126,"z":161.1348876953125},"rotation":{"x":-0.13049253821372987,"y":0.7567849159240723,"z":-0.15917561948299409,"w":-0.6204135417938232},"size":498.12738037109377,"orthographic":false}